{"rec_n":5.0600409507751465,"_runtime":1006,"kl_loss_n":1.618401288986206,"epoch":5,"perceptual_loss":0.5907468199729919,"total_loss":3.5891828536987305,"_wandb":{"runtime":1006},"total_loss_vi":2.5381124019622803,"pixel_loss":0.4819375276565552,"gradient_loss":0.41490617394447327,"train_loss":3.1530747898912006,"_step":569,"total_loss_f":1.0510704517364502,"_timestamp":1.757076356802783e+09}