{"_step":4059,"_timestamp":1.7570855087723553e+09,"perceptual_loss":0.3627127707004547,"total_loss_vi":1.213585615158081,"kl_loss_n":0.43383586406707764,"epoch":5,"_wandb":{"runtime":7077},"total_loss":1.5603851079940796,"train_loss":2.886014301591678,"_runtime":7077,"pixel_loss":0.29776695370674133,"gradient_loss":0.25173714756965637,"total_loss_f":0.34679946303367615,"rec_n":2.42283296585083}