{"total_loss_vi":2.7249093055725098,"pixel_loss":0.303627610206604,"total_loss":3.280822515487671,"perceptual_loss":0.5203298330307007,"_step":569,"train_loss":3.5334932593117774,"_timestamp":1.757145177666685e+09,"epoch":5,"_wandb":{"runtime":875},"total_loss_f":0.5559132695198059,"kl_loss_n":0.4048263132572174,"gradient_loss":0.3817843794822693,"_runtime":875,"rec_n":5.445770263671875}