{"rec_n":2.7294297218322754,"pixel_loss":0.5781842470169067,"total_loss_vi":1.3754284381866455,"_wandb":{"runtime":162},"total_loss":3.7452359199523926,"kl_loss_n":2.142714738845825,"_step":93,"_timestamp":1.7571558000733063e+09,"total_loss_f":2.369807481765747,"epoch":5,"train_loss":0,"_runtime":162,"perceptual_loss":0.8584643006324768,"gradient_loss":0.8368828892707825}