{"kl_loss_i":6.578625679016113,"kl_loss_g":6.865542411804199,"_runtime":151,"gradient_loss":0.7390854954719543,"_wandb":{"runtime":151},"perceptual_loss":1.1420373916625977,"_step":28,"rec_i":0.1595343053340912,"train_loss":0.1336230363993518,"total_loss":4.421786785125732,"pixel_loss":1.6389579772949219,"total_loss_f":3.520080804824829,"_timestamp":1.7569050800626307e+09,"epoch":1,"rec_g":1.6438778638839722,"total_loss_vi":0.9017060995101929}