{"_step":701,"rec_n":8.749478340148926,"_timestamp":1.7571442885278845e+09,"total_loss_f":0.792360246181488,"gradient_loss":0.40029066801071167,"total_loss":5.170187473297119,"total_loss_vi":4.377827167510986,"perceptual_loss":0.5459608435630798,"_wandb":{"runtime":1020},"kl_loss_n":0.6175737380981445,"_runtime":1020,"pixel_loss":0.3730812966823578}