{"total_loss_vi":2.763519287109375,"train_loss":3.633936018015431,"_runtime":837,"total_loss":3.144188642501831,"_wandb":{"runtime":837},"_step":569,"_timestamp":1.7571424049973488e+09,"epoch":5,"perceptual_loss":0.40845152735710144,"kl_loss_n":0.18170596659183502,"pixel_loss":0.3162526786327362,"rec_n":5.525221347808838,"total_loss_f":0.3806694447994232,"gradient_loss":0.29596152901649475}