{"total_loss_f":1.2724826335906982,"total_loss_vi":1.252519965171814,"pixel_loss":0.447432279586792,"gradient_loss":0.5066949725151062,"_runtime":691,"perceptual_loss":0.6562469005584717,"kl_loss_n":2.8243846893310547,"_timestamp":1.7569743793134873e+09,"train_loss":2.9565915711720785,"rec_n":2.4767961502075195,"_step":452,"total_loss":2.5250024795532227,"_wandb":{"runtime":691},"epoch":3}