{"_wandb":{"runtime":26},"_runtime":26,"_step":8,"perceptual_loss":1.6039481163024902,"rec_g":2.2272939682006836,"kl_loss_i":5.65590238571167,"_timestamp":1.757074538855154e+09,"total_loss_f":3.516956329345703,"total_loss":4.874248504638672,"pixel_loss":0.6182981729507446,"gradient_loss":0.6016433835029602,"rec_i":0.367615669965744,"total_loss_vi":1.3572921752929688,"kl_loss_g":6.311559677124023}