{"_wandb":{"runtime":833},"perceptual_loss":0.5934871435165405,"pixel_loss":0.37475377321243286,"total_loss_f":0.8244489431381226,"_runtime":833,"epoch":5,"train_loss":3.7132779454762956,"total_loss_vi":2.6223418712615967,"_step":569,"gradient_loss":0.46904295682907104,"kl_loss_n":0.4301735460758209,"_timestamp":1.7571415520274794e+09,"rec_n":5.240382194519043,"total_loss":3.4467906951904297}