{"_timestamp":1.7570224191790516e+09,"total_loss_vi":0.42419254779815674,"total_loss":2.87551212310791,"gradient_loss":0.8580949306488037,"rec_n":0.8420073390007019,"total_loss_f":2.451319694519043,"perceptual_loss":0.9010990262031555,"train_loss":3.6466769267894605,"epoch":5,"_wandb":{"runtime":10251},"kl_loss_n":0.6377766728401184,"pixel_loss":0.6122274398803711,"_runtime":10251,"_step":6754}