{"_runtime":1125,"total_loss_vi":0.7161877155303955,"gradient_loss":0.45005708932876587,"epoch":5,"train_loss":2.7475669487317402,"_wandb":{"runtime":1125},"_timestamp":1.7569791101325667e+09,"rec_n":1.4202611446380615,"perceptual_loss":0.5778725743293762,"_step":754,"kl_loss_n":1.2114249467849731,"total_loss":2.1862080097198486,"total_loss_f":1.4700202941894531,"pixel_loss":0.377826452255249}