{"perceptual_loss":1.0650981664657593,"total_loss_f":2.739875555038452,"ssim_loss":0.5685163736343384,"pixel_loss":0.5392386317253113,"_timestamp":1.7569019458895912e+09,"kl_loss_g":NaN,"gradient_loss":0.5670223236083984,"kl_loss_i":NaN,"total_loss":3.1736905574798584,"_wandb":{"runtime":134},"_runtime":134,"_step":16,"rec_g":0.743840754032135,"rec_i":0.12378910183906555,"total_loss_vi":0.4338149428367615}