{"_timestamp":1.7569005839155777e+09,"rec_i":1.0461207628250122,"perceptual_loss":2.0819149017333984,"batch_idx":1,"_step":0,"_runtime":4,"gradient_loss":3.8381330966949463,"kl_loss_i":NaN,"kl_loss_g":NaN,"rec_g":2.6637439727783203,"pixel_loss":1.5361545085906982,"ssim_loss":0.5020581483840942,"_wandb":{"runtime":4},"total_loss_f":7.958260536193848,"total_loss":9.813192367553711,"total_loss_vi":1.8549323081970215}