{"kl_loss_i":NaN,"perceptual_loss":1.6591691970825195,"kl_loss_g":NaN,"_step":10,"_runtime":66,"total_loss":6.720701694488525,"rec_i":0.41813716292381287,"batch_idx":51,"total_loss_f":4.815892696380615,"gradient_loss":1.0818110704421997,"total_loss_vi":1.9048091173171997,"pixel_loss":1.431363582611084,"rec_g":3.3914811611175537,"ssim_loss":0.643548846244812,"_timestamp":1.7569013284074714e+09,"_wandb":{"runtime":66}}