{"total_loss_vi":0.7731995582580566,"_step":6754,"total_loss":3.125880718231201,"total_loss_f":2.3526811599731445,"train_loss":3.464099329577552,"_runtime":10267,"gradient_loss":1.0591131448745728,"kl_loss_n":1.078586459159851,"rec_n":1.5356132984161377,"_timestamp":1.757001894954983e+09,"_wandb":{"runtime":10267},"pixel_loss":0.5872918367385864,"epoch":5,"perceptual_loss":0.8942638635635376}