{"_step":754,"rec_n":2.4942219257354736,"total_loss_f":2.0599706172943115,"pixel_loss":0.6381519436836243,"gradient_loss":0.6103623509407043,"epoch":5,"perceptual_loss":0.6997105479240417,"total_loss_vi":1.2556538581848145,"_wandb":{"runtime":1114},"total_loss":3.315624475479126,"kl_loss_n":1.7085742950439453,"_runtime":1114,"_timestamp":1.7569767878687255e+09,"train_loss":2.492999031543732}