{"_wandb":{"runtime":241},"kl_loss_n":1.9481909275054932,"_runtime":241,"gradient_loss":0.6063740253448486,"perceptual_loss":0.7712357044219971,"total_loss":3.084638833999634,"pixel_loss":0.6287500858306885,"_timestamp":1.7569735436160562e+09,"epoch":1,"train_loss":4.39395135084788,"total_loss_f":2.052565336227417,"_step":162,"total_loss_vi":1.0320734977722168,"rec_n":2.0446650981903076}