{"gradient_loss":0.23056989908218384,"_wandb":{"runtime":869},"train_loss":4.269125967954112,"total_loss_vi":2.6525893211364746,"kl_loss_n":0.42907387018203735,"total_loss_f":0.23853963613510132,"_step":569,"rec_n":5.3008880615234375,"pixel_loss":0.27762800455093384,"perceptual_loss":0.4454048275947571,"total_loss":2.8911290168762207,"epoch":5,"_runtime":869,"_timestamp":1.7571469042163544e+09}