{"kl_loss_n":2.9482712745666504,"_wandb":{"runtime":6},"_step":2,"gradient_loss":0.8438308238983154,"pixel_loss":0.8757340908050537,"total_loss":4.452744483947754,"_runtime":6,"rec_n":1.5396586656570435,"total_loss_f":3.6681737899780273,"_timestamp":1.7569744015263224e+09,"perceptual_loss":0.7247263193130493,"total_loss_vi":0.7845706939697266}