{"perceptual_loss":1.5345208644866943,"rec_i":0.18379124999046326,"ssim_loss":0.49250054359436035,"kl_loss_g":NaN,"batch_idx":186,"_runtime":220,"total_loss":5.704861640930176,"pixel_loss":1.2585127353668213,"_timestamp":1.756901076135264e+09,"_wandb":{"runtime":220},"kl_loss_i":NaN,"gradient_loss":1.0453213453292847,"_step":37,"rec_g":2.5642216205596924,"total_loss_f":4.330855369567871,"total_loss_vi":1.3740063905715942}