{"total_loss_vi":0.6317915916442871,"_step":64,"pixel_loss":1.0803701877593994,"perceptual_loss":1.1697721481323242,"kl_loss_i":1.8934348821640015,"kl_loss_g":2.027369260787964,"total_loss":3.715773582458496,"_runtime":177,"rec_g":1.0547020435333252,"rec_i":0.1696731597185135,"_timestamp":1.7569056749087949e+09,"total_loss_f":3.083981990814209,"gradient_loss":0.5264328122138977,"_wandb":{"runtime":177}}