{"total_loss_vi":0.3863372206687927,"_runtime":340,"kl_loss_g":NaN,"_step":48,"total_loss":3.262378215789795,"pixel_loss":1.2823994159698486,"rec_g":0.6489193439483643,"_wandb":{"runtime":340},"total_loss_f":2.8760409355163574,"kl_loss_i":NaN,"gradient_loss":0.4694404602050781,"rec_i":0.12375508248806,"perceptual_loss":0.9834721684455872,"ssim_loss":0.14072901010513306,"_timestamp":1.7569029046059883e+09}