{"kl_loss_i":1.663084864616394,"gradient_loss":0.6384619474411011,"perceptual_loss":1.3393018245697021,"_timestamp":1.7569053620412772e+09,"_step":19,"total_loss_vi":0.7375335097312927,"kl_loss_g":3.9522273540496826,"rec_i":0.41725441813468933,"pixel_loss":0.8025984764099121,"_wandb":{"runtime":64},"_runtime":64,"total_loss_f":3.2897939682006836,"total_loss":4.027327537536621,"rec_g":1.0016595125198364}