{"total_loss_vi":1.1558334827423096,"_step":40,"epoch":1,"train_loss":1.3651995213826498,"_runtime":74,"total_loss_f":2.3133649826049805,"gradient_loss":0.5587164163589478,"_timestamp":1.7569715078817925e+09,"total_loss":3.46919846534729,"rec_n":2.2589876651763916,"_wandb":{"runtime":74},"perceptual_loss":0.734119176864624,"kl_loss_n":5.267918109893799,"pixel_loss":0.6040907502174377}