{"perceptual_loss":0.9689825177192688,"epoch":5,"_wandb":{"runtime":91732},"train_loss":3.3525676593368434,"_timestamp":1.7570525000521994e+09,"rec_g":1.0214886665344238,"kl_loss_i":0.06618259102106094,"kl_loss_g":0.006104608066380024,"total_loss":2.890727996826172,"_step":40504,"rec_i":0.1420622020959854,"total_loss_f":2.30859112739563,"total_loss_vi":0.582136869430542,"pixel_loss":0.7950403690338135,"_runtime":91732,"gradient_loss":0.2937859296798706}