{"_step":6754,"epoch":5,"gradient_loss":0.8661883473396301,"perceptual_loss":0.7949582934379578,"total_loss_vi":0.3282153606414795,"_wandb":{"runtime":10325},"kl_loss_n":1.4333547353744507,"_runtime":10325,"train_loss":3.8061681883423417,"total_loss_f":2.9996893405914307,"total_loss":3.32790470123291,"_timestamp":1.7569916137378948e+09,"pixel_loss":0.7101736068725586,"rec_n":0.6420971751213074}