{"epoch":1,"rec_n":1.3810375928878784,"total_loss_vi":0.7068967819213867,"_wandb":{"runtime":120},"_runtime":120,"perceptual_loss":0.7241607904434204,"total_loss":3.987983226776123,"_step":72,"kl_loss_n":3.275601387023926,"_timestamp":1.7569731111598158e+09,"train_loss":2.313351027170817,"pixel_loss":1.153657078742981,"gradient_loss":0.6037289500236511,"total_loss_f":3.2810864448547363}