{"_step":6754,"gradient_loss":0.9671603441238403,"rec_n":5.61466646194458,"_timestamp":1.757012152790629e+09,"total_loss":4.738766670227051,"perceptual_loss":0.8372286558151245,"epoch":5,"_runtime":10240,"train_loss":3.366322724642577,"total_loss_f":1.9269229173660278,"total_loss_vi":2.8118438720703125,"kl_loss_n":0.9021221995353699,"_wandb":{"runtime":10240},"pixel_loss":0.5581738352775574}