{"kl_loss_n":0.6908397674560547,"_runtime":632,"total_loss_f":-0.011676013469696045,"total_loss":1.468149185180664,"total_loss_vi":1.4798252582550049,"train_loss":1.510215470790863,"epoch":2,"_wandb":{"runtime":632},"_timestamp":1.7569809287215533e+09,"_step":601,"rec_n":2.952742099761963,"perceptual_loss":0.3228895664215088,"pixel_loss":0.17928895354270935,"gradient_loss":0.09817037731409073}