{"total_loss_vi":3.450847864151001,"_timestamp":1.7570784172904189e+09,"total_loss_f":0.5406472682952881,"train_loss":5.043211295541409,"_runtime":1032,"gradient_loss":0.3244117796421051,"kl_loss_n":0.7997835874557495,"perceptual_loss":0.43527042865753174,"pixel_loss":0.333534300327301,"_wandb":{"runtime":1032},"rec_n":6.893697738647461,"total_loss":3.991495132446289,"_step":569,"epoch":5}