{"_wandb":{"runtime":87},"_runtime":87,"rec_i":0.24720680713653564,"_timestamp":1.7569604960421095e+09,"_step":19,"rec_g":1.9469218254089355,"kl_loss_g":2.5018978118896484,"gradient_loss":0.5758963227272034,"perceptual_loss":1.712294578552246,"kl_loss_i":3.929777145385742,"total_loss":4.666775703430176,"pixel_loss":0.6106593608856201,"total_loss_vi":1.1292226314544678,"total_loss_f":3.537553310394287}