{"_runtime":73,"rec_g":1.0109291076660156,"kl_loss_i":2.2071330547332764,"pixel_loss":0.638467013835907,"_wandb":{"runtime":73},"total_loss_f":2.172299861907959,"rec_i":0.2030092179775238,"perceptual_loss":1.2263431549072266,"total_loss_vi":0.6292378306388855,"kl_loss_g":2.2466113567352295,"_timestamp":1.7569606662963095e+09,"total_loss":2.8015377521514893,"_step":29,"gradient_loss":0.3544447124004364}