{"rec_n":2.4969396591186523,"epoch":5,"total_loss_vi":1.250321626663208,"_wandb":{"runtime":6135},"perceptual_loss":0.3233436942100525,"kl_loss_n":0.370369017124176,"_timestamp":1.757153053457645e+09,"_runtime":6135,"total_loss_f":0.19748836755752563,"gradient_loss":0.22907277941703796,"total_loss":1.4478099346160889,"pixel_loss":0.28106725215911865,"_step":4059,"train_loss":2.769192435444504}