{"_runtime":84,"rec_i":0.18959271907806396,"total_loss":4.764789581298828,"_wandb":{"runtime":84},"kl_loss_i":8.530041694641113,"pixel_loss":1.5578277111053467,"_step":18,"_timestamp":1.75690522322542e+09,"total_loss_f":3.7801620960235596,"perceptual_loss":1.3485121726989746,"gradient_loss":0.8738222122192383,"rec_g":1.779661774635315,"kl_loss_g":6.112208843231201,"total_loss_vi":0.9846272468566895}