{"_timestamp":1.7569756593170211e+09,"_runtime":1188,"kl_loss_n":2.3697075843811035,"total_loss":2.006072521209717,"total_loss_f":1.950741171836853,"epoch":5,"train_loss":3.352890128439123,"rec_n":0.086965411901474,"pixel_loss":0.5542643666267395,"perceptual_loss":0.4352624714374542,"total_loss_vi":0.05533124506473541,"_wandb":{"runtime":1188},"_step":774,"gradient_loss":0.3619160056114197}