{"gradient_loss":0.09839510917663574,"train_loss":2.303640716626094,"_wandb":{"runtime":4344},"_step":3908,"kl_loss_n":0.6707326173782349,"total_loss_f":0.052927613258361816,"_timestamp":1.757160248008441e+09,"total_loss_vi":2.325803756713867,"perceptual_loss":0.32545197010040283,"_runtime":4344,"pixel_loss":0.13135099411010742,"total_loss":2.3787312507629395,"epoch":1,"rec_n":4.644900321960449}