{"_timestamp":1.7569686233672237e+09,"_step":754,"pixel_loss":0.16566334664821625,"kl_loss_n":0.2782299518585205,"perceptual_loss":0.2726519703865051,"epoch":5,"_runtime":1116,"rec_n":3.853118896484375,"gradient_loss":0.09991206973791122,"_wandb":{"runtime":1116},"train_loss":1.8463800223668416,"total_loss":1.8026399612426758,"total_loss_f":-0.1253107190132141,"total_loss_vi":1.9279506206512451}