{"total_loss_vi":1.1049844026565552,"total_loss":3.2597556114196777,"gradient_loss":0.9081112146377563,"epoch":5,"_wandb":{"runtime":10292},"_step":6754,"kl_loss_n":1.0673644542694092,"total_loss_f":2.154771089553833,"pixel_loss":0.5676664113998413,"_timestamp":1.7570327266567516e+09,"train_loss":3.225661207216757,"rec_n":2.1992950439453125,"_runtime":10292,"perceptual_loss":0.8423161506652832}