{"gradient_loss":0.6250112056732178,"_wandb":{"runtime":1159},"pixel_loss":0.611622154712677,"perceptual_loss":0.7399089336395264,"kl_loss_n":1.489094853401184,"_runtime":1159,"total_loss_f":2.280632972717285,"total_loss_vi":0.048492010682821274,"_step":754,"rec_n":0.08209307491779327,"_timestamp":1.7569802834838278e+09,"total_loss":2.329124927520752,"epoch":5,"train_loss":2.4641587114334107}