{"_runtime":41,"_timestamp":1.7569012141607094e+09,"perceptual_loss":1.547297477722168,"_step":6,"total_loss_vi":1.5637967586517334,"_wandb":{"runtime":41},"gradient_loss":1.0826420783996582,"pixel_loss":0.7319172620773315,"kl_loss_i":NaN,"ssim_loss":0.39390838146209717,"kl_loss_g":NaN,"batch_idx":31,"total_loss":5.319561958312988,"rec_i":0.34707802534103394,"total_loss_f":3.755765199661255,"rec_g":2.780515432357788}