{"_runtime":833,"perceptual_loss":0.4129670560359955,"total_loss":5.466635227203369,"epoch":5,"train_loss":4.403652986594006,"total_loss_f":0.269723504781723,"rec_n":10.389421463012695,"_wandb":{"runtime":833},"_step":569,"pixel_loss":0.24364639818668365,"gradient_loss":0.2661316394805908,"total_loss_vi":5.196911811828613,"kl_loss_n":0.44017577171325684,"_timestamp":1.7571432519285836e+09}