{"total_loss_vi":11.397874448246615,"ssim_loss":0.3796389698982239,"_step":4,"gradient_loss":1.092850685119629,"total_loss":15.346516609191895,"pixel_loss":0.8331086039543152,"_runtime":28,"rec_i":11.658158640213166,"kl_loss_i":NaN,"_timestamp":1.7568999881459181e+09,"total_loss_f":3.9486420154571533,"perceptual_loss":1.6430437564849854,"batch_idx":21,"rec_g":11.137590256280063,"kl_loss_g":NaN,"_wandb":{"runtime":28}}