{"kl_loss_i":NaN,"_step":10,"total_loss":3.284304618835449,"batch_idx":51,"kl_loss_g":NaN,"rec_i":0.1276373267173767,"_runtime":63,"gradient_loss":0.6647617220878601,"ssim_loss":-0.015347003936767578,"_timestamp":1.7569003323789587e+09,"rec_g":1.2228130102157593,"pixel_loss":0.7122690677642822,"perceptual_loss":1.2473957538604736,"_wandb":{"runtime":63},"total_loss_vi":0.6752251386642456,"total_loss_f":2.609079599380493}