{"gradient_loss":1.27637779712677,"_wandb":{"runtime":5},"total_loss_f":3.9946444034576416,"rec_n":1.1911306381225586,"perceptual_loss":0.874983012676239,"pixel_loss":1.0524966716766357,"_runtime":5,"total_loss_vi":0.6055926084518433,"kl_loss_n":2.005458354949951,"_step":1,"total_loss":4.600236892700195,"_timestamp":1.7569713936037772e+09}