{"gradient_loss":0.3051643669605255,"train_loss":4.702248047938389,"_step":569,"perceptual_loss":0.46111008524894714,"_runtime":998,"pixel_loss":0.36676833033561707,"rec_n":8.880411148071289,"total_loss":4.946297645568848,"total_loss_vi":4.445506572723389,"total_loss_f":0.5007911920547485,"epoch":5,"kl_loss_n":1.0602163076400757,"_wandb":{"runtime":998},"_timestamp":1.757077370082055e+09}