{"_step":0,"kl_loss_i":6.8047990798950195,"gradient_loss":1.6892926692962646,"rec_g":5.33194637298584,"_runtime":12,"kl_loss_g":7.234022617340088,"total_loss_f":4.881138801574707,"perceptual_loss":2.1641626358032227,"total_loss_vi":2.9319498538970947,"rec_i":0.3915654718875885,"pixel_loss":0.736967921257019,"_timestamp":1.7570745743176355e+09,"_wandb":{"runtime":12},"total_loss":7.813088417053223}