{"kl_loss_n":0.40091750025749207,"_wandb":{"runtime":828},"rec_n":6.378475666046143,"pixel_loss":0.6028400659561157,"_step":569,"epoch":5,"total_loss_vi":3.1912424564361572,"_timestamp":1.7571460200784297e+09,"train_loss":3.669934433118432,"_runtime":828,"perceptual_loss":1.0903751850128174,"total_loss_f":2.1417322158813477,"gradient_loss":0.9250444769859314,"total_loss":5.332974433898926}