{"kl_loss_n":1.5274266004562378,"_step":754,"perceptual_loss":0.7062386274337769,"total_loss":3.3834996223449707,"pixel_loss":0.4773155748844147,"_timestamp":1.7569779701200264e+09,"train_loss":3.046775328318278,"_wandb":{"runtime":1166},"total_loss_f":1.3899459838867188,"epoch":5,"_runtime":1166,"gradient_loss":0.5826108455657959,"total_loss_vi":1.993553638458252,"rec_n":3.9718329906463623}