{"_step":4524,"kl_loss_g":3.6812100410461426,"_timestamp":1.7569176567812078e+09,"perceptual_loss":0.6850234866142273,"_wandb":{"runtime":11969},"rec_i":0.1428913176059723,"rec_g":0.1660405546426773,"_runtime":11969,"gradient_loss":0.158119335770607,"train_loss":2.109893851773401,"total_loss_vi":0.18000291287899017,"kl_loss_i":1.4261858463287354,"epoch":5,"pixel_loss":0.8773173689842224,"total_loss":1.7990615367889404,"total_loss_f":1.619058609008789}