{"perceptual_loss":0.4029068052768707,"total_loss":1.4718470573425293,"pixel_loss":0.14467808604240417,"gradient_loss":0.15353506803512573,"kl_loss_n":1.3674546480178833,"_wandb":{"runtime":102},"rec_n":2.404773712158203,"_runtime":102,"total_loss_f":0.26262301206588745,"total_loss_vi":1.2092241048812866,"_timestamp":1.7569720388012893e+09,"_step":89}